{"slope": 937.1895817378298, "intercept": 152.9193586880487}